ID nummer;Naam;Begin vers;Eind vers
0;De Schepping van hemel en aarde;Genesis 1:1;Genesis 2:4
1;De Tuin van Eden;Genesis 2:5;Genesis 3:24
2;Adams zonen;Genesis 4:1;Genesis 4:26
3;Van Adam tot Noach;Genesis 5:1;Genesis 5:32
4;Vermenging van goden en mensen;Genesis 6:1;Genesis 6:4
5;Noach;Genesis 6:5;Genesis 9:28
6;Nakomelingen van Noachs zonen;Genesis 10:1;Genesis 10:32
7;Babel;Genesis 11:1;Genesis 11:9
8;Van Sem tot Abram;Genesis 11:10;Genesis 11:26
9;Terach;Genesis 11:27;Genesis 11:32
10;Abram naar Kanaän;Genesis 12:1;Genesis 12:9
11;Abram en Sarai in Egypte;Genesis 12:10;Genesis 13:1
12;Scheiding tussen Abram en Lot;Genesis 13:2;Genesis 13:18
13;Lot door Abram bevrijd;Genesis 14:1;Genesis 14:24
14;Abrams vision;Genesis 15:1;Genesis 15:21
15;De geboorte van Ismaël;Genesis 16:1;Genesis 16:16
16;Verbond tussen God en Abram;Genesis 17:1;Genesis 17:27
17;Sodom en Gomorra;Genesis 18:1;Genesis 19:38
18;Abraham en Sara bij Abimelech;Genesis 20:1;Genesis 20:18
19;Isaak en Ismaël;Genesis 21:1;Genesis 21:21
20;Bondgenootschap met Abimelech;Genesis 21:22;Genesis 21:34
21;Abraham op de proef gesteld;Genesis 22:1;Genesis 22:19
22;Nakomelingen van Nachor;Genesis 22:20;Genesis 22:24
23;Koop van een familiegraf;Genesis 23:1;Genesis 23:20
24;Een vrouw voor Isaak;Genesis 24:1;Genesis 24:67
25;Abraham levenseinde;Genesis 25:1;Genesis 25:11
26;Nakomelingen van Ismaël;Genesis 25:12;Genesis 25:18
27;Jakob en Esau;Genesis 25:19;Genesis 25:34
28;Isaak en Rebekka in Gerar;Genesis 26:1;Genesis 26:33
29;Jakob ontneem Esau de zegen;Genesis 26:24;Genesis 28:9
30;Jakobs droom in Betel;Genesis 28:10;Genesis 28:22
31;Jakob bij Laban;Genesis 29:1;Genesis 32:1
32;Jakob oog in oog met Esau;Genesis 32:2;Genesis 33:17
33;Dina en Sichem;Genesis 33:18;Genesis 34:31
34;Jakob opnieuw in Beter;Genesis 35:1;Genesis 35:29
35;Nakomelingen van Esau;Genesis 36:1;Genesis 36:43
36;Jozef verkocht en naar Egypte gebracht;Genesis 37:1;Genesis 37:36
37;Juda en Tamar;Genesis 38:1;Genesis 38:30
38;Jozef en de vrouw van Potifar;Genesis 39:1;Genesis 40:23
39;De droom van de farao;Genesis 41:1;Genesis 41:57
40;Jozefs broers in Egypte;Genesis 42:1;Genesis 42:38
41;Jozefs broers opnieuw in Egypte;Genesis 43:1;Genesis 45:28
42;Jakob met al zijn nakomelingen naar Egypte;Genesis 46:1;Genesis 47:27
43;Jakobs levenseinde;Genesis 47:28;Genesis 50:21
44;Jozefs dood;Genesis 50:22;Genesis 50:26
45;Israël in Egypte onderdrukt;Exodus 1:1;Exodus 1:22
46;De geboorte van Mozes, zijn vlucht naar Midjan;Exodus 2:1;Exodus 2:22
47;Mozes geroepen;Exodus 2:23;Exodus 4:31
48;Mozes en Aäron voor de farao, de onderdrukking verzwaard;Exodus 5:1;Exodus 6:1
49;Mozes opnieuw geroepen;Exodus 6:2;Exodus 7:7
50;Egypte getroffen door plagen;Exodus 7:8;Exodus 11:10
51;Pesachfeest en uittocht uit Egypte;Exodus 12:1;Exodus 13:16
52;Doortocht door de Rietzee;Exodus 13:17;Exodus 15:21
53;Israël in de woestijn op de proef gesteld;Exodus 15:22;Exodus 17:7
54;Strijd tegen Amalek;Exodus 17:8;Exodus 17:16
55;Jetro geeft Mozes raad;Exodus 18:1;Exodus 18:27
56;Verschijning van de Heer op de Sinai, de tien geboden;Exodus 19:1;Exodus 20:21
57;Regels en wetten;Exodus 20:22;Exodus 23:33
58;Verbondssluiting;Exodus 24:1;Exodus 24:11
59;De stenen platen beloofd;Exodus 24:12;Exodus 24:18
60;Opdracht tot het maken van een heiligdom;Exodus 25:1;Exodus 25:9
61;De ark;Exodus 25:10;Exodus 25:22
62;De tafel;Exodus 25:23;Exodus 25:30
63;De lampenstandaard;Exodus 25:31;Exodus 25:40
64;De tabernakel;Exodus 26:1;Exodus 26:37
65;Het brandofferaltaar;Exodus 27:1;Exodus 27:8
66;De ruimte rond de tabernakel;Exodus 27:9;Exodus 27:19
67;De lampolie;Exodus 27:20;Exodus 27:21
68;De priesterkleding;Exodus 28:1;Exodus 28:43
69;De priesterwijding;Exodus 29:1;Exodus 29:46
70;Het reukofferaltaar;Exodus 30:1;Exodus 30:10
71;De heffing bij de registratie;Exodus 30:11;Exodus 30:16
72;Het wasbekken;Exodus 30:17;Exodus 30:21
73;De zalfolie;Exodus 30:22;Exodus 30:33
74;Het reukwerk;Exodus 30:34;Exodus 30:38
75;De vaklieden;Exodus 31:1;Exodus 31:11
76;De sabbatsrust;Exodus 31:12;Exodus 31:17
77;De stenen platen geschonken;Exodus 31:18;Exodus 31:18
78;Het gouden stierkalf;Exodus 32:1;Exodus 32:35
79;De nieuwe stenen platen;Exodus 33:1;Exodus 34:35
80;De sabbatsrust;Exodus 35:1;Exodus 35:3
81;Bijdragen van het volk, de vaklieden;Exodus 35:4;Exodus 36:7
82;Het maken van de tabernakel;Exodus 36:8;Exodus 38:20
83;Berekening van het materiaal;Exodus 38:21;Exodus 38:31
84;De priesterkleding;Exodus 39:1;Exodus 39:31
85;Het werk aan de tabernakel voltooid;Exodus 39:32;Exodus 39:43
86;De tabernakel opgebouwd en ingericht;Exodus 40:1;Exodus 40:33
87;De majesteit van de Heer;Exodus 40:34;Exodus 40:38
88;Brandoffer, graanoffer en vredeoffer;Leviticus 1:1;Leviticus 3:17
89;Reinigingsoffer en hersteloffer;Leviticus 4:1;Leviticus 5:26
90;Nadere bepalingen bij de offers;Leviticus 6:1;Leviticus 7:38
91;Aäron en zijn zonen als priester gewijd;Leviticus 8:1;Leviticus 8:36
92;Instelling van de offerdienst;Leviticus 9:1;Leviticus 10:20
93;Voorschriften omtrent reine en onreine dieren;Leviticus 11:1;Leviticus 11:47
94;Voorschriften omtrent de kraamvrouw;Leviticus 12:1;Leviticus 12:8
95;Voorschriften omtrent vraat;Leviticus 13:1;Leviticus 14:57
96;Voorschriften omtrent onreine vloeiingen;Leviticus 15:1;Leviticus 15:33
97;Grote verzoendag;Leviticus 16:1;Leviticus 16:34
98;Bloed is levenskracht;Leviticus 17:1;Leviticus 17:16
99;Bepalingen en regels voor het heilige volk;Leviticus 18:1;Leviticus 20:27
100;Voorschriften en bepalingen voor de priesters;Leviticus 21:1;Leviticus 21:24
101;Voorschriften en bepalingen omtrent de heilige gaven;Leviticus 22:1;Leviticus 22:33
102;Feestdagen;Leviticus 23:1;Leviticus 23:44
103;De lampen en het toonbrood;Leviticus 24:1;Leviticus 24:9
104;Eén wet voor vreemdelingen en Israëlieten;Leviticus 24:10;Leviticus 24:23
105;Sabbatsjaar en jubeljaar;Leviticus 25:1;Leviticus 26:46
106;Bepalingen omtrent het afkopen van geloften aan de Heer;Leviticus 27:1;Leviticus 27:34
107;Telling van de Israëlieten;Numeri 1:1;Numeri 1:54
108;Legering van de Israëlieten;Numeri 2:1;Numeri 2:34
109;Telling van de Levieten, hun taken;Numeri 3:1;Numeri 4:49
110;Voorschriften bij onreinheid en ontrouw;Numeri 5:1;Numeri 5:31
111;Voorschriften voor nazireeër;Numeri 6:1;Numeri 6:21
112;De pristerzegen;Numeri 6:22;Numeri 6:27
113;De inwijdingsgeschenken;Numeri 7:1;Numeri 7:89
114;De lampenstandaard;Numeri 8:1;Numeri 8:4
115;Wijding van de Levieten;Numeri 8:5;Numeri 8:26
116;Pesachviering;Numeri 9:1;Numeri 9:14
117;De wolk;Numeri 9:15;Numeri 9:23
118;De trompetten;Numeri 10:1;Numeri 10:10
119;Vertek uit de Sinaiwoestijn;Numeri 10:11;Numeri 10:36
120;Het volk klaagt;Numeri 11:1;Numeri 11:35
121;Mozes' gezag betwist;Numeri 12:1;Numeri 12:16
122;Verkenning van Kanaän;Numeri 13:1;Numeri 14:45
123;Regels en voorschriften;Numeri 15:1;Numeri 15:41
124;Het gezag van Mozes en Aäron betwist;Numeri 16:1;Numeri 17:28
125;Taken en inkomsten van priesters en Levieten;Numeri 18:1;Numeri 18:32
126;Het reinigingswater;Numeri 19:1;Numeri 19:22
127;Mirjams dood;Numeri 20:1;Numeri 20:13
128;Edom weigert Israël de doortocht;Numeri 20:14;Numeri 20:21
129;Aärons dood;Numeri 20:22;Numeri 20:29
130;De koniing van Arad verslagen;Numeri 21:1;Numeri 21:3
131;De koperen slang;Numeri 21:4;Numeri 21:9
132;Van Obot naar de Pisga;Numeri 21:10;Numeri 21:20
133;Sichon en Og verslagen;Numeri 21:21;Numeri 22:1
134;Bileam en Balak;Numeri 22:2;Numeri 24:25
135;Israël vereert de Baäl van de Peor;Numeri 25:1;Numeri 25:18
136;De Israëlieten opnieuw geteld;Numeri 25:19;Numeri 26:65
137;Erfrecht van vrouwen;Numeri 27:1;Numeri 27:11
138;Mozes draagt de leiding over aan Jozua;Numeri 27:12;Numeri 27:23
139;Dagelijkse offers en offers op hoogtijdagen;Numeri 28:1;Numeri 30:1
140;Geloften van vrouwen;Numeri 30:2;Numeri 30:17
141;Wraak op de Midjanieten en verdeling van de buit;Numeri 31:1;Numeri 31:54
142;Toewijzing van grondbezit ten oosten van de Jordaan;Numeri 32:1;Numeri 32:42
143;Lijst van pleisterplaatsen;Numeri 33:1;Numeri 33:49
144;Verdeling van Kanaän;Numeri 33:50;Numeri 34:29
145;Steden voor de Levieten en vrijplaatsen;Numeri 35:1;Numeri 35:34
146;Erfelijk bezit en huwelijk;Numeri 36:1;Numeri 36:13
147;Terugblijk op Israëls geschiedenis;Deuteronomium 1:1;Deuteronomium 4:40
148;Aanwijzing van vrijplaatsen;Deuteronomium 4:41;Deuteronomium 4:43
149;Afkondiging van de tien geboden;Deuteronomium 4:44;Deuteronomium 6:3
150;De Heer is de enige;Deuteronomium 6:4;Deuteronomium 6:25
151;Omgang met andere volken;Deuteronomium 7:1;Deuteronomium 7:26
152;Vergeet in voorspoed de Heer niet;Deuteronomium 8:1;Deuteronomium 8:20
153;Geen reden voor zelfverheffing;Deuteronomium 9:1;Deuteronomium 12:1
154;Eén plaats om te offeren;Deuteronomium 12:2;Deuteronomium 12:28
155;Tegen verleiding tot afgodendiesnt;Deuteronomium 12:29;Deuteronomium 13:19
156;Verboden rouwgebruiken;Deuteronomium 14:1;Deuteronomium 14:21
157;Over plichten op gezette tijden;Deuteronomium 14:22;Deuteronomium 15:23
158;Over de grote feesten;Deuteronomium 16:1;Deuteronomium 16:17
159;Over rechters, koningen, priesters en profeten;Deuteronomium 16:18;Deuteronomium 18:22
160;Over zaken van leven en dood;Deuteronomium 19:1;Deuteronomium 21:9
161;Familierecht;Deuteronomium 21:10;Deuteronomium 21:21
162;Diverse voorschriften;Deuteronomium 21:22;Deuteronomium 22:12
163;Over seksuele misdrijven;Deuteronomium 22:13;Deuteronomium 23:1
164;Diverse voorschriften;Deuteronomium 23:2;Deuteronomium 25:19
165;Gebeden bij het afdragen van gaven, slotwoord van Mozes;Deuteronomium 26:1;Deuteronomium 26:19
166;Aanwijzingen voor de plechtigheden na de oversteek;Deuteronomium 27:1;Deuteronomium 27:26
167;Zegen en vloek;Deuteronomium 28:1;Deuteronomium 28:69
168;Verdere vermaningen;Deuteronomium 29:1;Deuteronomium 30:20
169;Mozes' opvolging;Deuteronomium 31:1;Deuteronomium 31:8
170;Laatste aanwijzingen, het lied van Mozes;Deuteronomium 31:9;Deuteronomium 32:47
171;Mozes' zegen en zijn dood;Deuteronomium 32:48;Deuteronomium 34:12
172;Opdracht van de Heer aan Jozua;Jozua 1:1;Jozua 1:18
173;Spionnen in Jericho;Jozua 2:1;Jozua 2:24
174;Overtocht over de Jordaan;Jozua 3:1;Jozua 5:1
175;Besnijdenis en Pesach;Jozua 5:2;Jozua 5:12
176;Vernietiging van Jericho;Jozua 5:13;Jozua 6:27
177;Schending van de ban;Jozua 7:1;Jozua 7:26
178;Vernietiging van Ai;Jozua 8:1;Jozua 8:29
179;Plechtigheid op de Ebal;Jozua 8:30;Jozua 8:35
180;Lijst van de Chiwwieten;Jozua 9:1;Jozua 9:27
181;Slag bij Gibeon;Jozua 10:1;Jozua 10:28
182;Verovering van het zuiden;Jozua 10:29;Jozua 10:43
183;Verovering van het noorden;Jozua 11:1;Jozua 11:15
184;Overzicht van de veroveringen;Jozua 11:16;Jozua 11:23
185;Lijst van verslagen koningen;Jozua 12:1;Jozua 12:24
186;Nog te veroveren gebieden;Jozua 13:1;Jozua 13:7
187;Verdeling van het land ten oosten van de Jordaan;Jozua 13:8;Jozua 13:14
188;Het grondgebied van de stam Ruben;Jozua 13:15;Jozua 13:23
189;Het grondgebied van de stam Gad;Jozua 13:24;Jozua 13:28
190;Het grondgebied van de eerste helft van de stam Manasse;Jozua 13:29;Jozua 13:33
191;Verdeling van het land ten westen van de Jordaan;Jozua 14:1;Jozua 14:5
192;Toewijzing van Hebron aan Kaleb;Jozua 14:6;Jozua 14:15
193;Het grondgebied van de stam Juda;Jozua 15:1;Jozua 15:20
194;De steden van de stam Juda;Jozua 15:21;Jozua 15:63
195;Het grondgebied van de nakomelingen van Jozef;Jozua 16:1;Jozua 16:10
196;Het grondgebied van de tweede helft van de stam Manasse;Jozua 17:1;Jozua 17:13
197;Efraïm en Manasse beklagen zich;Jozua 17:14;Jozua 17:18
198;Volksvergadering in Silo;Jozua 18:1;Jozua 18:10
199;Het grondgebied van de stam Benjamin;Jozua 18:11;Jozua 18:28
200;Het grondgebied van de stam Simeon;Jozua 19:1;Jozua 19:9
201;Het grondgebied van de stam Zebulon;Jozua 19:10;Jozua 19:16
202;Het grondgebied van de stam Issachar;Jozua 19:17;Jozua 19:23
203;Het grondgebied van de stam Aser;Jozua 19:24;Jozua 19:31
204;Het grondgebied van de stam Naftali;Jozua 19:32;Jozua 19:39
205;Het grondgebied van de stam Dan;Jozua 19:40;Jozua 19:48
206;Een stad voor Jozua;Jozua 19:49;Jozua 19:51
207;Vrijplaatsen;Jozua 20:1;Jozua 20:9
208;Steden voor de Levieten;Jozua 21:1;Jozua 21:45
209;Bouw van een altaar aan de Jordaan;Jozua 22:1;Jozua 22:34
210;Afscheidsrede van Jozua;Jozua 23:1;Jozua 23:16
211;Volksvergadering in Sichem;Jozua 24:1;Jozua 24:28
212;Dood van Jozua en Eleazar;Jozua 24:29;Jozua 24:33
213;Vestiging in Kanaän;Rechters 1:1;Rechters 2:5
214;Israël verbreekt het verbond;Rechters 2:6;Rechters 3:6
215;De eerste rechters: Otniël, Ehud, Samgar;Rechters 3:7;Rechters 3:31
216;Debora en Barak;Rechters 4:1;Rechters 5:31
217;Gideon geroepen;Rechters 6:1;Rechters 6:40
218;Gideon overvalt de Midjanieten;Rechters 7:1;Rechters 7:22
219;Efraïm slaat de Midjanieten terug;Rechters 7:23;Rechters 8:3
220;Gideon rekent af met Midjan, Sukkot en Penuël;Rechters 8:4;Rechters 8:21
221;Hulde aan Gideon;Rechters 8:22;Rechters 8:32
222;Abimelech koning in Sichem;Rechters 8:33;Rechters 9:57
223;Tola en Jaïr;Rechters 10:1;Rechters 10:5
224;Jefta als leider aangezocht;Rechters 10:6;Rechters 11:11
225;Jefta slaat de Ammonieten terug;Rechters 11:12;Rechters 11:40
226;Conflict met Efraïm;Rechters 12:1;Rechters 12:7
227;Ibsan, Elon en Abdon;Rechters 12:8;Rechters 12:15
228;De geboorte van Simson;Rechters 13:1;Rechters 13:25
229;Simsoms huwelijk;Rechters 14:1;Rechters 15:20
230;Simsom en Delila;Rechters 16:1;Rechters 16:31
231;De Danieten en het godenbeeld van Micha;Rechters 17:1;Rechters 18:31
232;Het gastrecht geschonden in Gibea;Rechters 19:1;Rechters 19:30
233;Gibea en Benjamin gestraft;Rechters 20:1;Rechters 20:48
234;Het voortbestaan van de stam Benjamin verzekerd;Rechters 21:1;Rechters 21:25
235;De gelofte van Hanna en de geboorte van Samuël;1 Samuël 1:1;1 Samuël 2:11
236;Het wangedrag van de zonen van Eli;1 Samuël 2:12;1 Samuël 2:26
237;Profetie tegen Eli en zijn nakomelingen;1 Samuël 2:26;1 Samuël 2:36
238;Samuël geroepen;1 Samuël 3:1;1 Samuël 4:1
239;De ondergang van Eli en zijn nakomelingen;1 Samuël 4:2;1 Samuël 4:22
240;Omzwervingen van de ark;1 Samuël 5:1;1 Samuël 7:1
241;Samuël spreekt het volk toe;1 Samuël 7:2;1 Samuël 7:17
242;Israël vraagt een koning;1 Samuël 8:1;1 Samuël 8:22
243;Saul door Samuël tot koning gezalfd;1 Samuël 9:1;1 Samuël 10:16
244;Saul komt Jabes tot hulp;1 Samuël 11:1;1 Samuël 11:13
245;Samuël spreekt het volk voor het laatst toe;1 Samuël 11:14;1 Samuël 12:25
246;Saul verspeelt de gunst van Samuël;1 Samuël 13:1;1 Samuël 13:15
247;Jonatans heldendaad;1 Samuël 13:15;1 Samuël 14:23
248;Sauls eed;1 Samuël 14:23;1 Samuël 14:46
249;Verdere gegevens over Saul en zijn familie;1 Samuël 14:47;1 Samuël 14:52
250;Saul verspeelt de gunst van God;1 Samuël 15:1;1 Samuël 15:35
251;David door Samuël gezalfd;1 Samuël 16:1;1 Samuël 16:13
252;David verdrijft de kwade geest van Saul;1 Samuël 16:14;1 Samuël 16:23
253;David verslaat Goliat;1 Samuël 17:1;1 Samuël 18:5
254;David aan het hof;1 Samuël 18:6;1 Samuël 18:30
255;Davids vlucht;1 Samuël 19:1;1 Samuël 19:24
256;Jonatans verbond met David;1 Samuël 20:1;1 Samuël 21:1
257;David ontkomt met behulp van Achimelech;1 Samuël 21:2;1 Samuël 22:5
258;Saul wreekt zich op de priesters van Nob;1 Samuël 22:6;1 Samuël 22:23
259;David bevrijdt Keïla;1 Samuël 23:1;1 Samuël 23:13
260;David in de woestijn van Juda;1 Samuël 23:14;1 Samuël 23:28
261;David spaart Sauls leven bij Engedi;1 Samuël 24:1;1 Samuël 24:23
262;Samuëls dood;1 Samuël 25:1;1 Samuël 25:1
263;David, Nabal en Abigaïl;1 Samuël 25:1;1 Samuël 25:44
264;David spaart Sauls leven op de Chachila;1 Samuël 26:1;1 Samuël 26:25
265;David bij koning Achis;1 Samuël 27:1;1 Samuël 28:2
266;Saul bezoekt een geestenbezweerster;1 Samuël 28:3;1 Samuël 28:25
267;David door de Filistijnen gewantrouwd;1 Samuël 29:1;1 Samuël 29:11
268;David verslaat de Amalekieten;1 Samuël 30:1;1 Samuël 30:31
269;Sauls dood;1 Samuël 31:1;1 Samuël 31:13
270;David rouwt over Saul en Jonatan;2 Samuël 1:1;2 Samuël 1:27
271;David gezalfd tot koning van Juda;2 Samuël 2:1;2 Samuël 2:11
272;De slag bij Gibeon;2 Samuël 2:12;2 Samuël 2:32
273;Abner onderhandelt met David en wordt door Joab vermoord;2 Samuël 3:1;2 Samuël 3:39
274;Isboset vermoord;2 Samuël 4:1;2 Samuël 4:12
275;David tot koning van Israël gezalfd;2 Samuël 5:1;2 Samuël 5:5
276;De inname van Jeruzalem;2 Samuël 5:6;2 Samuël 5:16
277;Twee aanvallen van de Filistijnen afgeslagen;2 Samuël 5:17;2 Samuël 5:25
278;De ark van God overgebracht naar Jeruzalem;2 Samuël 6:1;2 Samuël 6:23
279;Toezeggingen over de voortzetting van Davids koningshuis;2 Samuël 7:1;2 Samuël 7:29
280;Davids overwinningen;2 Samuël 8:1;2 Samuël 8:14
281;Davids ambtenaren;2 Samuël 8:15;2 Samuël 8:18
282;David en de zoon van Jonatan;2 Samuël 9:1;2 Samuël 9:13
283;Oorlog tegen de Ammonieten;2 Samuël 10:1;2 Samuël 10:19
284;David en Batseba;2 Samuël 11:1;2 Samuël 12:25
285;Einde van de oorlog tegen de Ammonieten;2 Samuël 12:26;2 Samuël 12:31
286;Amnon en Tamar;2 Samuël 13:1;2 Samuël 13:22
287;Absaloms wraak;2 Samuël 13:23;2 Samuël 13:37
288;Absaloms terugkeer;2 Samuël 13:38;2 Samuël 14:33
289;Absalom grijpt naar de macht;2 Samuël 15:1;2 Samuël 15:12
290;David vlucht uit Jeruzalem;2 Samuël 15:13;2 Samuël 16:14
291;Krijgsraad bij Absalom;2 Samuël 16:15;2 Samuël 17:14
292;David gewaarschuwd;2 Samuël 17:15;2 Samuël 17:23
293;De dood van Absalom;2 Samuël 17:24;2 Samuël 18:18
294;David rouwt over Absalom;2 Samuël 18:19;2 Samuël 19:9
295;David keert terug naar Jeruzalem;2 Samuël 19:9;2 Samuël 19:41
296;Afgunst tussen Juda en Israël;2 Samuël 19:41;2 Samuël 20:22
297;Davids ambtenaren;2 Samuël 20:23;2 Samuël 20:26
298;Het lot van de nakomelingen van Saul;2 Samuël 21:1;2 Samuël 21:14
299;Heldendaden tegen het reuzengeslacht van de Refaïeten;2 Samuël 21:15;2 Samuël 21:22
300;Het overwinningslied van David;2 Samuël 22:1;2 Samuël 22:51
301;Davids laatste woorden;2 Samuël 23:1;2 Samuël 23:39
302;De volkstelling;2 Samuël 24:1;2 Samuël 24:25
303;Salomo tot koning gezalfd;1 Koningen 1:1;1 Koningen 1:53
304;Davids laatste wilsbeschikking;1 Koningen 2:1;1 Koningen 2:46
305;Salomo's wijsheid;1 Koningen 3:1;1 Koningen 3:28
306;Salomo's ambtenaren;1 Koningen 4:1;1 Koningen 4:19
307;Salomo's grootheid;1 Koningen 4:20;1 Koningen 5:14
308;Voorbereidingen op de tempelbouw;1 Koningen 5:15;1 Koningen 5:32
309;De bouw van de tempel;1 Koningen 6:1;1 Koningen 6:38
310;Salomo's paleis;1 Koningen 7:1;1 Koningen 7:12
311;De inrichting van de tempel;1 Koningen 7:13;1 Koningen 7:51
312;De inwijding van de tempel;1 Koningen 8:1;1 Koningen 8:66
313;Belofte aan Salomo;1 Koningen 9:1;1 Koningen 9:9
314;Andere ondernemingen van Salomo;1 Koningen 9:10;1 Koningen 9:28
315;Bezoek van de koningin van Seba;1 Koningen 10:1;1 Koningen 10:13
316;Salomo's rijkdom;1 Koningen 10:14;1 Koningen 10:29
317;Salomo's ontrouw;1 Koningen 11:1;1 Koningen 11:13
318;Salomo's tegenstanders;1 Koningen 11:14;1 Koningen 11:40
319;Salomo's dood;1 Koningen 11:41;1 Koningen 11:43
320;De scheuring van het rijk;1 Koningen 12:1;1 Koningen 12:24
321;Jerobeam, koning van Israël;1 Koningen 12:25;1 Koningen 12:32
322;Profetie tegen Jerobeam;1 Koningen 12:33;1 Koningen 13:34
323;Jerobeam gestraft;1 Koningen 14:1;1 Koningen 14:20
324;Rechabeam, koning van Juda;1 Koningen 14:21;1 Koningen 14:31
325;Abiam, koning van Juda;1 Koningen 15:1;1 Koningen 15:8
326;Asa, koning van Juda;1 Koningen 15:9;1 Koningen 15:24
327;Nadab, koning van Israël;1 Koningen 15:25;1 Koningen 15:32
328;Basa, koning van Israël;1 Koningen 15:33;1 Koningen 16:7
329;Ela, koning van Isaël;1 Koningen 16:8;1 Koningen 16:14
330;Zimri, koning van Israël;1 Koningen 16:15;1 Koningen 16:22
331;Omri, koning van Israël;1 Koningen 16:23;1 Koningen 16:28
332;Achab, koning van Israël;1 Koningen 16:29;1 Koningen 16:34
333;De profeet Elia;1 Koningen 17:1;1 Koningen 17:24
334;Elia en de profeten van Baäl;1 Koningen 18:1;1 Koningen 18:46
335;Elia op de Horeb;1 Koningen 19:1;1 Koningen 19:21
336;Eerste oorlog met Aram;1 Koningen 20:1;1 Koningen 20:43
337;De wijngaard van Nabot;1 Koningen 21:1;1 Koningen 21:29
338;Derde oorlog met Aram;1 Koningen 22:1;1 Koningen 22:40
339;Josafat, koning van Juda;1 Koningen 22:41;1 Koningen 22:51
340;Achazja, koning van Israël;1 Koningen 22:52;1 Koningen 22:54
341;De dood van Achazja;2 Koningen 1:1;2 Koningen 1:18
342;Elia in de hemel opgenomen;2 Koningen 2:1;2 Koningen 2:18
343;Eerste optreden van Elisa;2 Koningen 2:19;2 Koningen 2:25
344;Joram, koning van Israël, trekt ten strijde tegen Moab;2 Koningen 3:1;2 Koningen 3:27
345;Elisa helpt een arme weduwe;2 Koningen 4:1;2 Koningen 4:7
346;Elisa en de vrouw uit Sunem;2 Koningen 4:8;2 Koningen 4:37
347;Het bittere gerecht;2 Koningen 4:38;2 Koningen 4:41
348;Een maal voor honderd profeten;2 Koningen 4:42;2 Koningen 4:44
349;De genezing van Naäman;2 Koningen 5:1;2 Koningen 5:27
350;De drijvende bijl;2 Koningen 6:1;2 Koningen 6:7
351;Elisa's optreden in de oorlog tegen Aram;2 Koningen 6:8;2 Koningen 6:23
352;Het beleg van Samaria;2 Koningen 6:24;2 Koningen 7:20
353;De vrouw uit Sunem krijgt haar bezittingen terug;2 Koningen 8:1;2 Koningen 8:6
354;Elisa in Damascus;2 Koningen 8:7;2 Koningen 8:15
355;Joram, koning van Juda;2 Koningen 8:16;2 Koningen 8:24
356;Achazja, koning van Juda;2 Koningen 8:25;2 Koningen 8:29
357;Jehu, koning van Israël;2 Koningen 9:1;2 Koningen 9:13
358;De dood van Joram en Achazja;2 Koningen 9:14;2 Koningen 9:29
359;De dood van Izebel;2 Koningen 9:30;2 Koningen 9:37
360;Jehu roeit het koningshuis van Achab uit en maakt een einde aan de Baälsdienst;2 Koningen 10:1;2 Koningen 10:36
361;Atalja, koningin van Juda;2 Koningen 11:1;2 Koningen 11:20
362;Joas, koning van Juda;2 Koningen 12:1;2 Koningen 12:22
363;Joachaz, koning van Israël;2 Koningen 13:1;2 Koningen 13:9
364;Joas, koning van Israël, de dood van Elisa;2 Koningen 13:10;2 Koningen 13:25
365;Amasja, koning van Juda;2 Koningen 14:1;2 Koningen 14:22
366;Jerobeam, koning van Israël;2 Koningen 14:23;2 Koningen 14:29
367;Azarja, koning van Juda;2 Koningen 15:1;2 Koningen 15:7
368;Zecharja, koning van Israël;2 Koningen 15:8;2 Koningen 15:12
369;Sallum, koning van Israël;2 Koningen 15:13;2 Koningen 15:16
370;Menachem, koning van Israël;2 Koningen 15:17;2 Koningen 15:22
371;Pekachja, koning van Israël;2 Koningen 15:23;2 Koningen 15:26
372;Pekach, koning van Israël;2 Koningen 15:27;2 Koningen 15:31
373;Jotam, koning van Juda;2 Koningen 15:32;2 Koningen 15:38
374;Achaz, koning van Juda;2 Koningen 16:1;2 Koningen 16:20
375;Hosea, koning van Israël, de val van Samaria;2 Koningen 17:1;2 Koningen 17:6
376;Beschouwing over de ondergang van Israël;2 Koningen 17:7;2 Koningen 17:41
377;Hizkia, koning van Juda;2 Koningen 18:1;2 Koningen 18:12
378;Jeruzalem door Sanherib bedreigd;2 Koningen 18:13;2 Koningen 19:37
379;Hizkia's ziekte en genezing;2 Koningen 20:1;2 Koningen 20:21
380;Manasse, koning van Juda;2 Koningen 21:1;2 Koningen 21:18
381;Amon, koning van Juda;2 Koningen 21:19;2 Koningen 21:26
382;Josia, koning van Juda;2 Koningen 22:1;2 Koningen 22:20
383;Maatregelen tegen de afgodendienst;2 Koningen 23:1;2 Koningen 23:30
384;Joachaz, koning van Juda;2 Koningen 23:31;2 Koningen 23:35
385;Jojakim, koning van Juda;2 Koningen 23:36;2 Koningen 24:7
386;Jojachin, koning van Juda;2 Koningen 24:8;2 Koningen 24:17
387;Sedekia, koning van Juda, de verwoesting van Jeruzalem;2 Koningen 24:18;2 Koningen 25:26
388;Gratie voor Jojachin;2 Koningen 25:27;2 Koningen 25:30
389;De generaties van Adam tot Abraham;1 Kronieken 1:1;1 Kronieken 1:27
390;Afstammelingen van Abraham;1 Kronieken 1:28;1 Kronieken 1:54
391;Afstammelingen van Juda;1 Kronieken 2:1;1 Kronieken 2:35
392;Afstammelingen van David;1 Kronieken 3:1;1 Kronieken 3:24
393;Andere afstammelingen van Juda;1 Kronieken 4:1;1 Kronieken 4:23
394;Afstammelingen van Simeon;1 Kronieken 4:24;1 Kronieken 4:43
395;Afstammelingen van Ruben, Gad en Manasse;1 Kronieken 5:1;1 Kronieken 5:26
396;Afstammelingen van Levi, hun taken en woongebieden;1 Kronieken 5:27;1 Kronieken 6:66
397;Afstammelingen van Issachar;1 Kronieken 7:1;1 Kronieken 7:5
398;Afstammelingen van Benjamin en Naftali;1 Kronieken 7:6;1 Kronieken 7:13
399;Afstammelingen van Manasse en Efraïm;1 Kronieken 7:14;1 Kronieken 7:29
400;Afstammelingen van Aser;1 Kronieken 7:30;1 Kronieken 7:40
401;Afstammelingen van Benjamin;1 Kronieken 8:1;1 Kronieken 9:1
402;De inwoners van Jeruzalem na de terugkeer uit Babylonië;1 Kronieken 9:1;1 Kronieken 9:34
403;Stamboom van Saul;1 Kronieken 9:35;1 Kronieken 9:44
404;Sauls dood;1 Kronieken 10:1;1 Kronieken 10:14
405;David wordt tot koning van Israël gezalfd en verovert Jeruzalem;1 Kronieken 11:1;1 Kronieken 11:9
406;Davids helden;1 Kronieken 11:10;1 Kronieken 11:47
407;Davids aanhangers;1 Kronieken 12:1;1 Kronieken 12:41
408;De ark opgehaald uit Kirjat-Jearim;1 Kronieken 13:1;1 Kronieken 13:14
409;David vestigt zich in Jeruzalem;1 Kronieken 14:1;1 Kronieken 14:7
410;Twee aanvallen van de Filistijnen afgeslagen;1 Kronieken 14:8;1 Kronieken 14:17
411;De ark feestelijk ingehaald in Jeruzalem;1 Kronieken 15:1;1 Kronieken 16:43
412;Toezeggingen over de voortzetting van Davids koningshuis;1 Kronieken 17:1;1 Kronieken 17:27
413;Davids overwinningen;1 Kronieken 18:1;1 Kronieken 18:13
414;Davids ambtenaren;1 Kronieken 18:14;1 Kronieken 18:17
415;Oorlog tegen de Ammonieten en de Arameeërs;1 Kronieken 19:1;1 Kronieken 20:3
416;Heldendaden tegen het reuzengeslacht van de Refaïeten;1 Kronieken 20:4;1 Kronieken 20:8
417;De volkstelling;1 Kronieken 21:1;1 Kronieken 22:1
418;Voorbereidingen op de tempelbouw;1 Kronieken 22:2;1 Kronieken 22:19
419;Indeling en taken van de Levieten;1 Kronieken 23:1;1 Kronieken 23:32
420;Indeling van de priesters;1 Kronieken 24:1;1 Kronieken 24:19
421;Indeling van de overige Levieten;1 Kronieken 24:20;1 Kronieken 24:31
422;De zangers;1 Kronieken 25:1;1 Kronieken 25:31
423;De poortwachters;1 Kronieken 26:1;1 Kronieken 26:19
424;De schatbewaarders, rechters en bestuursambtenaren;1 Kronieken 26:20;1 Kronieken 26:32
425;Indeling van de overige Israëlieten;1 Kronieken 27:1;1 Kronieken 27:34
426;David draagt zijn taken over aan Salomo;1 Kronieken 28:1;1 Kronieken 29:30
427;Salomo's wijsheid en rijkdom;2 Kronieken 1:1;2 Kronieken 1:17
428;Voorbereidingen voor de tempelbouw;2 Kronieken 1:18;2 Kronieken 2:17
429;Bouw en inrichting van de tempel;2 Kronieken 3:1;2 Kronieken 5:1
430;De inwijding van de tempel;2 Kronieken 5:2;2 Kronieken 7:10
431;Belofte aan Salomo;2 Kronieken 7:11;2 Kronieken 7:22
432;Andere ondernemingen van Salomo;2 Kronieken 8:1;2 Kronieken 8:18
433;Bezoek van de koningin van Seba;2 Kronieken 9:1;2 Kronieken 9:12
434;Salomo's rijkdom;2 Kronieken 9:13;2 Kronieken 9:28
435;Salomo's dood;2 Kronieken 9:29;2 Kronieken 9:31
436;De scheuring van het rijk;2 Kronieken 10:1;2 Kronieken 11:4
437;De regering van Rechabeam;2 Kronieken 11:5;2 Kronieken 12:16
438;De regering van Abia;2 Kronieken 13:1;2 Kronieken 13:23
439;De regering van Asa;2 Kronieken 13:23;2 Kronieken 17:1
440;De regering van Josafat;2 Kronieken 17:1;2 Kronieken 17:19
441;Josafat trekt met koning Achab van Israël ten strijde tegen Aram;2 Kronieken 18:1;2 Kronieken 19:3
442;Josafat regelt de rechtspraak;2 Kronieken 19:4;2 Kronieken 19:11
443;Overwinning op de Moabieten en de Ammonieten;2 Kronieken 20:1;2 Kronieken 20:30
444;Het einde van Josafats regering;2 Kronieken 20:31;2 Kronieken 21:4
445;De regering van Joram;2 Kronieken 21:5;2 Kronieken 22:1
446;De regering van Achazja;2 Kronieken 22:1;2 Kronieken 22:9
447;Opstand tegen Atalja;2 Kronieken 22:10;2 Kronieken 23:21
448;De regering van Joas;2 Kronieken 24:1;2 Kronieken 24:27
449;De regering van Amasja;2 Kronieken 25:1;2 Kronieken 26:2
450;De regering van Uzzia;2 Kronieken 26:3;2 Kronieken 26:23
451;De regering van Jotam;2 Kronieken 27:1;2 Kronieken 27:9
452;De regering van Achaz;2 Kronieken 28:1;2 Kronieken 28:27
453;Jechizkia neemt de tempel weer in gebruik;2 Kronieken 29:1;2 Kronieken 29:36
454;Jechizkia herstelt de pesachviering in ere;2 Kronieken 30:1;2 Kronieken 31:1
455;Jechizkia regelt de bijdragen voor de tempel;2 Kronieken 31:2;2 Kronieken 31:21
456;Jeruzalem door Sanherib bedreigd;2 Kronieken 32:1;2 Kronieken 32:23
457;Het verdere verloop van de regering van Jechizkia;2 Kronieken 32:24;2 Kronieken 32:33
458;De regering van Manasse;2 Kronieken 33:1;2 Kronieken 33:20
459;De regering van Amon;2 Kronieken 33:21;2 Kronieken 33:25
460;De regering van Josia;2 Kronieken 34:1;2 Kronieken 34:33
461;Pesachviering;2 Kronieken 35:1;2 Kronieken 35:19
462;De dood van Josia;2 Kronieken 35:20;2 Kronieken 36:1
463;De regering van Joachaz;2 Kronieken 36:2;2 Kronieken 36:4
464;De regering van Jojakim;2 Kronieken 36:5;2 Kronieken 36:8
465;De regering van Jojachin;2 Kronieken 36:9;2 Kronieken 36:10
466;De regering van Sedekia, de verwoesting van Jeruzalem;2 Kronieken 36:11;2 Kronieken 36:21
467;Opdracht tot herbouw van de tempel;2 Kronieken 36:22;2 Kronieken 36:23
468;Opdracht tot herbouw van de tempel;Ezra 1:1;Ezra 1:4
469;Terugkeer naar Jeruzalem;Ezra 1:5;Ezra 1:11
470;Lijst van teruggekeerde ballingen;Ezra 2:1;Ezra 2:70
471;Begin van de herbouw aan de tempel;Ezra 3:1;Ezra 3:13
472;Ondanks verzet wordt de tempel herbouwd;Ezra 4:1;Ezra 6:22
473;Ezra vertrekt naar Jeruzalem;Ezra 7:1;Ezra 8:36
474;De schuld van het volk;Ezra 9:1;Ezra 9:15
475;Uitheemse vrouwen met hun kinderen weggestuurd;Ezra 10:1;Ezra 10:44
476;Intro;Nehemia 1:1;Nehemia 1:11
477;Nehemia gaat naar Jeruzalem;Nehemia 2:1;Nehemia 2:10
478;Nehemia krijgt medestanders in Jeruzalem;Nehemia 2:11;Nehemia 2:20
479;Herbouw van de stadsmuur;Nehemia 3:1;Nehemia 3:32
480;Tegenwerking bij het herstel van de muur;Nehemia 3:33;Nehemia 4:17
481;Het goede bestuur van Nehemia;Nehemia 5:1;Nehemia 5:19
482;Meer tegenwerking;Nehemia 6:1;Nehemia 7:5
483;Lijst van teruggekeerde ballingen;Nehemia 7:6;Nehemia 7:72
484;Voorlezing uit de wet;Nehemia 7:72;Nehemia 8:18
485;Vernieuwing van het verbond;Nehemia 9:1;Nehemia 10:40
486;De inwoners van Jeruzalem en andere steden;Nehemia 11:1;Nehemia 11:36
487;Lijst van priesters en Levieten;Nehemia 12:1;Nehemia 12:26
488;Inwijding van de stadsmuur;Nehemia 12:27;Nehemia 12:43
489;Over het gebruik van de tempelruimtes;Nehemia 12:44;Nehemia 13:14
490;Nehemia treedt op tegen misstanden;Nehemia 13:15;Nehemia 13:31
491;Koningin Wasti verstoten;Ester 1:1;Ester 1:22
492;Ester als koningin gekozen;Ester 2:1;Ester 2:18
493;Mordechai verijdelt een aanslag;Ester 2:19;Ester 2:23
494;Bevelschift tegen de Joden;Ester 3:1;Ester 3:15
495;Modechais beroep op Ester;Ester 4:1;Ester 4:17
496;Feestmaal bij Ester;Ester 5:1;Ester 5:14
497;Mordechai geëerd;Ester 6:1;Ester 6:14
498;Val van Haman;Ester 7:1;Ester 8:2
499;Bevelschift ten gunste van de Joden;Ester 8:3;Ester 8:17
500;De vijanden verslagen;Ester 9:1;Ester 9:19
501;Voorschriften voor het poerimfeest;Ester 19:20;Ester 19:32
502;Mordechais aanzien;Ester 10:1;Ester 10:3
503;Jobs beproeving;Job 1:1;Job 2:13
504;Jobs klacht;Job 3:1;Job 3:26
505;Elifaz' eerste betoog;Job 4:1;Job 5:27
506;Jobs antwoord op Elifaz' eerste betoog;Job 6:1;Job 7:21
507;Bildads eerste betoog;Job 8:1;Job 8:22
508;Jobs antwoord op Bildads eerste betoog;Job 9:1;Job 10:22
509;Sofars eerste betoog;Job 11:1;Job 11:20
510;Jobs antwoord op Sofars eerste betoog;Job 12:1;Job 14:22
511;Elifaz' tweede betoog;Job 15:1;Job 15:35
512;Jobs antwoord op Elifaz' tweede betoog;Job 16:1;Job 17:16
513;Bildads tweede betoog;Job 18:1;Job 18:21
514;Jobs antwoord op Bildads tweede betoog;Job 19:1;Job 19:29
515;Sofars tweede betoog;Job 20:1;Job 20:29
516;Jobs antwoord op Sofars tweede betoog;Job 21:1;Job 21:34
517;Elifaz' derde betoog;Job 22:1;Job 22:30
518;Jobs antwoord op Elifaz' derde betoog;Job 23:1;Job 24:25
519;Bildads derde betoog;Job 25:1;Job 25:6
520;Jobs antwoord op Bildads derde betoog;Job 26:1;Job 27:23
521;Over de wijsheid;Job 28:1;Job 28:28
522;Slot van Jobs betoog;Job 29:1;Job 31:40
523;Elihu's betoog;Job 32:1;Job 37:24
524;Gods antwoord aan Job;Job 38:1;Job 41:26
525;Jobs antwoord aan God en zijn verdere lot;Job 42:1;Job 42:17
526;Intro;Spreuken 1:1;Spreuken 1:7
527;Hoed je voor slecht gezelschap;Spreuken 1:8;Spreuken 1:19
528;Oproep van Wijsheid;Spreuken 1:20;Spreuken 1:33
529;Wijsheid komt van de Heer;Spreuken 2:1;Spreuken 2:22
530;Heb ontzag voor de Heer;Spreuken 3:1;Spreuken 3:35
531;Laat je beschermen door de wijsheid;Spreuken 4:1;Spreuken 4:27
532;Mijd lichtzinnige vrouwen;Spreuken 5:1;Spreuken 5:23
533;Waarschuwingen wijzen de weg door het leven;Spreuken 6:1;Spreuken 6:19
534;Laat je niet in met de vrouw van een ander;Spreuken 6:20;Spreuken 7:27
535;Wijsheid spreekt;Spreuken 8:1;Spreuken 8:36
536;Wijsheid en dwaasheid;Spreuken 9:1;Spreuken 9:18
537;Spreuken van Salomo;Spreuken 10:1;Spreuken 24:22
538;Meer spreuken;Spreuken 24:23;Spreuken 24:34
539;Andere spreuken van Salomo;Spreuken 25:1;Spreuken 29:27
540;De uitspraken van Agur;Spreuken 30:1;Spreuken 30:14
541;Getalspreuken;Spreuken 30:15;Spreuken 30:33
542;Raadgevingen voor koning Lemuël;Spreuken 31:1;Spreuken 31:9
543;Loflied op de sterke vrouw;Spreuken 31:10;Spreuken 31:31
544;Intro;Prediker 1:1;Prediker 1:1
545;Lucht en leegte;Prediker 1:2;Prediker 1:11
546;Onderzoek naar wijsheid en dwaasheid;Prediker 1:12;Prediker 2:26
547;Alles heeft zijn tijd;Prediker 3:1;Prediker 3:15
548;Onrecht en onderdrukking;Prediker 3:16;Prediker 4:6
549;Beter met zijn tweeën dan alleen;Prediker 4:7;Prediker 4:12
550;Beter jong en wijs dan oud en dwaas;Prediker 4:13;Prediker 4:16
551;Los je geloften in;Prediker 4:17;Prediker 5:6
552;Ambtenaren beschermen elkaar;Prediker 5:7;Prediker 5:8
553;Rijkdom is leegte;Prediker 5:9;Prediker 6:12
554;Wijsheden;Prediker 7:1;Prediker 7:29
555;De zin van wat God doet;Prediker 8:1;Prediker 8:17
556;De vreugde van het leven;Prediker 9:1;Prediker 9:12
557;Dwaasheden;Prediker 9:13;Prediker 10:20
558;Gedenk je schepper in je jeugd;Prediker 11:1;Prediker 12:8
559;Heb ontzag voor God;Prediker 12:9;Prediker 12:14
560;Intro;Jesaja 1:1;Jesaja 1:1
561;Aanklacht tegen Israël en Jeruzalem;Jesaja 1:2;Jesaja 1:31
562;De dag van de Heer;Jesaja 2:1;Jesaja 2:22
563;Chaos in Jeruzalem en Juda;Jesaja 3:1;Jesaja 3:15
564;Sions vrouwen te schande gezet;Jesaja 3:16;Jesaja 4:1
565;De Heer vernieuwt Jeruzalem;Jesaja 4:2;Jesaja 4:6
566;Het lied van de wijngaard;Jesaja 5:1;Jesaja 5:7
567;Zesboudig wee over de onrechtvaardigen;Jesaja 6:1;Jesaja 6:24
568;Juda bedreigd door de vijand;Jesaja 6:25;Jesaja 6:30
569;Jesaja geroepen;Jesaja 6:1;Jesaja 6:13
570;Het teken van Immanuël;Jesaja 7:1;Jesaja 7:25
571;Onheil over een volk zonder vertrouwen;Jesaja 8:1;Jesaja 9:6
572;De opgeheven hand van de Heer;Jesaja 9:7;Jesaja 10:4
573;Oordeel over Assyrië, de stok in Gods hand;Jesaja 10:5;Jesaja 10:34
574;Vrede en gerechtigheid door de telg van Isaï;Jesaja 11:1;Jesaja 11:10
575;Terugkeer van de overlevenden van Israël;Jesaja 11:11;Jesaja 11:16
576;Loflied;Jesaja 12:1;Jesaja 12:6
577;De ondergang van Babylonië;Jesaja 13:1;Jesaja 14:23
578;Profetie over Assyrië en over de Filistijnen;Jesaja 14:24;Jesaja 14:32
579;De ondergang van Moab;Jesaja 15:1;Jesaja 16:14
580;Onheil over Aram en Israël;Jesaja 17:1;Jesaja 17:14
581;Profetie over Nubië;Jesaja 18:1;Jesaja 18:7
582;De val van Egypte en zijn herstel;Jesaja 19:1;Jesaja 19:25
583;Profetie over Egypte en Nubië;Jesaja 20:1;Jesaja 20:6
584;De val van Babel geopenbaard;Jesaja 21:1;Jesaja 21:17
585;Jeruzalems misplaatste zelfvertrouwen;Jesaja 22:1;Jesaja 22:14
586;Profetie over Sebna en Eljakim;Jesaja 22:15;Jesaja 22:25
587;De ondergang van Tyrus en Sidon;Jesaja 23:1;Jesaja 23:18
588;Oordeel over de aarde;Jesaja 24:1;Jesaja 24:23
589;Danklied;Jesaja 25:1;Jesaja 25:5
590;Het feestmaal op de Sion;Jesaja 25:6;Jesaja 25:12
591;Redding en vrede voor het rechtvaardige volk;Jesaja 26:1;Jesaja 27:1
592;Hoop voor Israël;Jesaja 27:2;Jesaja 27:13
593;Oordeel over Jeruzalems slechte leiders;Jesaja 28:1;Jesaja 28:29
594;Redding voor Jeruzalem in het nauw;Jesaja 29:1;Jesaja 29:24
595;Niet Egypte brengt bevrijding, maar de Heer;Jesaja 30:1;Jesaja 30:33
596;Alleen de Heer beschermt en bevrijdt;Jesaja 31:1;Jesaja 31:9
597;Vrede waar gerechtigheid heerst;Jesaja 32:1;Jesaja 32:20
598;Bevrijding van Jeruzalem;Jesaja 33:1;Jesaja 33:24
599;Oordeel over Edom;Jesaja 34:1;Jesaja 34:17
600;Bevrijding en terugkeer;Jesaja 35:1;Jesaja 35:10
601;Jeruzalem door Sanherib bedreigd;Jesaja 36:1;Jesaja 37:38
602;Hizkia's ziekte en genezing;Jesaja 38:1;Jesaja 39:8
603;Troost voor Jeruzalem;Jesaja 40:1;Jesaja 40:11
604;God is onvergelijkbaar;Jesaja 40:12;Jesaja 40:31
605;Wie bepaald de loop der dingen?;Jesaja 41:1;Jesaja 42:13
606;Een weg door de woestijn;Jesaja 42:14;Jesaja 43:21
607;Terugkeer naar God;Jesaja 43:22;Jesaja 44:23
608;Cyrus door God geroepen;Jesaja 44:24;Jesaja 45:13
609;Alleen de Heer is rechtvaardig en brengt redding;Jesaja 45:14;Jesaja 46:13
610;Babel in het stof;Jesaja 47:1;Jesaja 47:15
611;De dienaar van de Heer als bevrijder van zijn volk;Jesaja 48:1;Jesaja 49:13
612;Sions klachten door de Heer weerlegd;Jesaja 49:14;Jesaja 50:3
613;Vertrouwen op de Heer die helpt;Jesaja 50:4;Jesaja 50:11
614;Troost voor het volk: Jeruzalem vrijgekocht;Jesaja 51:1;Jesaja 53:12
615;Eerherstel voor Jeruzalem, de bruid van de Heer;Jesaja 54:1;Jesaja 54:17
616;Een nieuw verbond;Jesaja 55:1;Jesaja 55:13
617;Redding ook voor buitenstaanders;Jesaja 56:1;Jesaja 56:8
618;Ontrouwe profeten en overspelig volk;Jesaja 56:9;Jesaja 56:13
619;Troost voor de treurende;Jesaja 57:14;Jesaja 57:21
620;Vasten en sabbat;Jesaja 58:1;Jesaja 58:14
621;In de ban van het kwaad;Jesaja 59:1;Jesaja 59:15
622;De Heer redt en bevrijdt;Jesaja 59:15;Jesaja 59:21
623;Het nieuwe Jeruzalem;Jesaja 60:1;Jesaja 60:22
624;Profetie over de komende glorie;Jesaja 61:1;Jesaja 61:11
625;Vreugde over Jeruzalem;Jesaja 62:1;Jesaja 62:12
626;De wraak van de Heer;Jesaja 63:1;Jesaja 63:6
627;Waar is onze beschermer;Jesaja 63:7;Jesaja 64:11
628;De Heer zal goed én kwaad vergelden;Jesaja 65:1;Jesaja 65:25
629;Het oordeel van de Heer;Jesaja 66:1;Jesaja 66:24
630;Intro;Jeremia 1:1;Jeremia 1:3
631;Jeremia geroepen;Jeremia 1:4;Jeremia 1:19
632;Ontrouw van Israël en Juda;Jeremia 2:1;Jeremia 2:37
633;Oproep om terug te keren naar de Heer;Jeremia 3:1;Jeremia 4:4
634;De vijand uit het noorden in aantocht;Jeremia 4:5;Jeremia 4:31
635;Onrecht en dwaasheid in Juda;Jeremia 5:1;Jeremia 5:31
636;De ondergang van Juda is nabij;Jeremia 6:1;Jeremia 6:30
637;Straf voor Juda's godsdienstige praktijken;Jeremia 7:1;Jeremia 8:3
638;Het volk weigert naar de Heer terug te keren;Jeremia 8:4;Jeremia 8:17
639;Klacht van Jeremia, antwoord van de Heer;Jeremia 8:18;Jeremia 9:15
640;Oproep om een klaaglied te zingen;Jeremia 9:16;Jeremia 9:25
641;Volg andere volken niet na;Jeremia 10:1;Jeremia 10:16
642;Oproep om Jeruzalem te verlaten;Jeremia 10:17;Jeremia 10:25
643;Het verbond verbroken;Jeremia 11:1;Jeremia 11:17
644;Plan om Jeremia te doden;Jeremia 11:18;Jeremia 12:6
645;Straf en ontferming voor Israël en zijn buurvolken;Jeremia 12:7;Jeremia 12:17
646;Ondergang van Juda;Jeremia 13:1;Jeremia 13:27
647;De grote droogte;Jeremia 14:1;Jeremia 15:9
648;Klacht van Jeremia;Jeremia 15:10;Jeremia 15:21
649;Jeremia's levenslot als voorbeeld;Jeremia 16:1;Jeremia 16:18
650;Alleen de Heer is een toevlucht;Jeremia 16:19;Jeremia 17:18
651;De sabbat als heilige dag;Jeremia 17:19;Jeremia 17:27
652;Bij de pottenbakker;Jeremia 18:1;Jeremia 18:12
653;Israël keert zich af van de Heer en zijn profeet;Jeremia 18:13;Jeremia 18:23
654;De stukgeslagen kruik;Jeremia 19:1;Jeremia 20:6
655;Klach van Jeremia;Jeremia 20:7;Jeremia 20:18
656;Verzoek van koning Sedekia;Jeremia 21:1;Jeremia 21:10
657;Profetieën over de koningen van Juda;Jeremia 21:11;Jeremia 23:8
658;Profetieën over de profeten;Jeremia 23:9;Jeremia 23:40
659;De manden met vijgen;Jeremia 24:1;Jeremia 24:10
660;Profetieën over de volken;Jeremia 25:1;Jeremia 25:38
661;Jeremia om zijn profetie aangeklaagd;Jeremia 26:1;Jeremia 26:24
662;Het juk van Babylonië;Jeremia 27:1;Jeremia 27:22
663;De profeet Jeremia tegenover de profeet Chananja;Jeremia 28:1;Jeremia 28:17
664;Jeremia's brief aan de ballingen;Jeremia 29:1;Jeremia 29:32
665;Hoop voor Israël en Juda;Jeremia 30:1;Jeremia 31:40
666;De akker in Anatot;Jeremia 32:1;Jeremia 32:44
667;Belofte van herstel;Jeremia 33:1;Jeremia 33:26
668;Profetie over het einde van Sedekia;Jeremia 34:1;Jeremia 34:7
669;Vrijlating van de slaven herroepen;Jeremia 34:8;Jeremia 34:22
670;De Rechabieten als voorbeeld;Jeremia 35:1;Jeremia 35:19
671;Jeremia's boekrol voorgelezen en verbrand;Jeremia 36:1;Jeremia 36:32
672;Jeremia's gevangenschap;Jeremia 37:1;Jeremia 38:28
673;Jeremia vrijgelaten;Jeremia 38:28;Jeremia 40:6
674;De moord op Gedalja;Jeremia 40:7;Jeremia 41:18
675;Vlucht van de Judeeërs naar Egypte;Jeremia 42:1;Jeremia 43:13
676;De Judeeërs in Egypte door onheil getroffen;Jeremia 44:1;Jeremia 44:30
677;Baruchs leven gespaard;Jeremia 45:1;Jeremia 45:5
678;Profetie over Egypte;Jeremia 46:1;Jeremia 46:28
679;Profetie over de Filistijnen;Jeremia 47:1;Jeremia 47:7
680;Profetie over Moab;Jeremia 48:1;Jeremia 48:47
681;Profetie over Ammon;Jeremia 49:1;Jeremia 49:6
682;Profetie over Edom;Jeremia 49:7;Jeremia 49:22
683;Profetie over Damascus;Jeremia 49:23;Jeremia 49:27
684;Profetie over Kedar en de stammen rond Chasor;Jeremia 49:28;Jeremia 49:33
685;Profetie over Elam;Jeremia 49:34;Jeremia 49:39
686;Profetie over Babylonië;Jeremia 50:1;Jeremia 51:64
687;De verwoesting van Jeruzalem;Jeremia 52:1;Jeremia 52:34
688;Eerste lied: het bittere lot van Jeruzalem;Klaagliederen 1:1;Klaagliederen 1:22
689;Tweede lied: de Heer als vijand;Klaagliederen 2:1;Klaagliederen 2:22
690;Derde lied: wanhoop en hoop;Klaagliederen 3:1;Klaagliederen 3:66
691;Vierde lied: Sions schuld en ondergang;Klaagliederen 4:1;Klaagliederen 4:22
692;Vijfde lied: gebed om mededogen;Klaagliederen 5:1;Klaagliederen 5:22
693;Ezechiël geroepen;Ezechiël 1:1;Ezechiël 3:15
694;Ezechiël als wachter aangesteld;Ezechiël 3:16;Ezechiël 3:21
695;De val van Jeruzalem aangekondigd;Ezechiël 3:22;Ezechiël 5:17
696;Israël getroffen door het zwaard;Ezechiël 6:1;Ezechiël 6:14
697;Het einde komt;Ezechiël 7:1;Ezechiël 7:27
698;Visioen in de tempel van Jeruzalem;Ezechiël 8:1;Ezechiël 11:25
699;Een teken voor het opstandige volk;Ezechiël 12:1;Ezechiël 12:20
700;Ezechiël en de andere profeten;Ezechiël 12:21;Ezechiël 14:11
701;Het lot van Jeruzalem;Ezechiël 14:12;Ezechiël 14:23
702;Het hout van de wijnstok;Ezechiël 15:1;Ezechiël 15:8
703;Jeruzalems ontrouw;Ezechiël 16:1;Ezechiël 16:63
704;De adelaars en de wijnstok;Ezechiël 17:1;Ezechiël 17:24
705;Wie rechtvaarig handelt, zal leven;Ezechiël 18:1;Ezechiël 18:32
706;De leeuwin en de wijnstok;Ezechiël 19:1;Ezechiël 19:14
707;Israël opstandig en ontrouw;Ezechiël 20:1;Ezechiël 20:44
708;Het goddelijk zwaard;Ezechiël 21:1;Ezechiël 21:37
709;Oordeel over Jeruzalem;Ezechiël 22:1;Ezechiël 22:31
710;Ohola en Oholiba;Ezechiël 23:1;Ezechiël 23:49
711;De kookpot;Ezechiël 24:1;Ezechiël 24:14
712;Een plotselinge slag;Ezechiël 24:15;Ezechiël 24:27
713;Profetie tegen de volken die Israël omringen;Ezechiël 25:1;Ezechiël 25:17
714;Profetie tegen Tyrus;Ezechiël 26:1;Ezechiël 28:19
715;Profetie tegen Sidon;Ezechiël 28:20;Ezechiël 28:26
716;Profetie tegen Egypte;Ezechiël 29:1;Ezechiël 32:32
717;Ieder mens naar zijn daden beoordeeld;Ezechiël 33:1;Ezechiël 33:20
718;Ezechiël niet langer stom;Ezechiël 33:21;Ezechiël 33:22
719;Het onheil komt;Ezechiël 33:23;Ezechiël 33:33
720;De slechte herders en de goede herder;Ezechiël 34:1;Ezechiël 34:31
721;Profetie over het Seïrgebergte en de bergen van Israël;Ezechiël 35:1;Ezechiël 36:15
722;Omwille van mijn heilige naam;Ezechiël 36:16;Ezechiël 36:38
723;Een dal vol beenderen;Ezechiël 37:1;Ezechiël 37:14
724;Eén God, één volk, één herder;Ezechiël 37:15;Ezechiël 37:28
725;Gogs leger vernietigd;Ezechiël 38:1;Ezechiël 39:29
726;De nieuwe tempel;Ezechiël 40:1;Ezechiël 40:5
727;De oostpoort;Ezechiël 40:6;Ezechiël 40:16
728;De buitenhof;Ezechiël 40:17;Ezechiël 40:19
729;De noordpoort;Ezechiël 40:20;Ezechiël 40:23
730;De zuidpoort;Ezechiël 40:24;Ezechiël 40:27
731;De binnenste zuidpoort;Ezechiël 40:28;Ezechiël 40:31
732;De binnenste oostpoort;Ezechiël 40:32;Ezechiël 40:34
733;De binnenste noordpoort;Ezechiël 40:35;Ezechiël 40:37
734;De offerruimtes;Ezechiël 40:38;Ezechiël 40:47
735;Binnen in de tempel;Ezechiël 40:48;Ezechiël 41:4
736;De buitenkant van de tempel;Ezechiël 41:5;Ezechiël 41:11
737;Het gebouw achter de tempel;Ezechiël 41:12;Ezechiël 41:15
738;Inrichting van de tempel;Ezechiël 41:15;Ezechiël 41:26
739;De ruimten voor de priesters;Ezechiël 42:1;Ezechiël 42:14
740;Het tempelcomplex als geheel;Ezechiël 42:15;Ezechiël 42:20
741;De verschijning van de Heer keert terug in de tempel;Ezechiël 43:1;Ezechiël 43:12
742;Het altaar;Ezechiël 43:13;Ezechiël 43:17
743;Inwijding van het altaar;Ezechiël 43:18;Ezechiël 43:27
744;Toegang tot de tempel;Ezechiël 44:1;Ezechiël 44:9
745;De Levieten;Ezechiël 44:10;Ezechiël 44:14
746;De Levitische priesters;Ezechiël 44:15;Ezechiël 44:31
747;Verdeling van de grond;Ezechiël 45:1;Ezechiël 45:9
748;Belastingen;Ezechiël 45:10;Ezechiël 45:17
749;Feesten en offers;Ezechiël 45:18;Ezechiël 46:15
750;Grondbezit van de vorst;Ezechiël 46:16;Ezechiël 46:18
751;De offerkeukens;Ezechiël 46:19;Ezechiël 46:24
752;De rivier uit de tempel;Ezechiël 47:1;Ezechiël 47:12
753;De grenzen van het land;Ezechiël 47:12;Ezechiël 47:20
754;De verdeling van het land;Ezechiël 47:21;Ezechiël 48:29
755;De heilige stad;Ezechiël 48:30;Ezechiël 48:35
756;Aan het Babylonische hof;Daniël 1:1;Daniël 1:21
757;De droom van Nebukadnessar;Daniël 2:1;Daniël 2:49
758;Het gouden beeld;Daniël 3:1;Daniël 3:30
759;Nebukadnessar door de mensen verstoten;Daniël 3:31;Daniël 4:34
760;Het feestmaal van Belsassar;Daniël 5:1;Daniël 6:1
761;Daniël in de leeuwenkuil;Daniël 6:2;Daniël 6:29
762;Het visioen van de vier dieren;Daniël 7:1;Daniël 7:28
763;Het visioen van de ram en de geitenbok;Daniël 8:1;Daniël 8:27
764;Openbaring aan Daniël over de zeventig weken;Daniël 9:1;Daniël 9:27
765;De eindtijd;Daniël 10:1;Daniël 12:13
766;Intro;Hosea 1:1;Hosea 1:1
767;Israëls ontrouw;Hosea 1:2;Hosea 2:3
768;Israëls ontrouw beantwoord met liefde;Hosea 2:4;Hosea 2:25
769;Israëls liefde afgedwongen;Hosea 3:1;Hosea 3:5
770;Aanklacht tegen volk en priesters;Hosea 4:1;Hosea 4:19
771;Oordeel over de leiders;Hosea 5:1;Hosea 5:15
772;Israëls boetelied en Gods antwoord;Hosea 6:1;Hosea 7:16
773;Wie wind aait zal storm oogsten;Hosea 8:1;Hosea 8:14
774;Terug naar Egypte;Hosea 9:1;Hosea 9:9
775;Gods oordeel over Israëls ontrouw;Hosea 9:10;Hosea 11:11
776;Israël en zijn voorvader Jakob;Hosea 12:1;Hosea 12:15
777;Israëls einde;Hosea 13:1;Hosea 14:1
778;Israëls tweede bloei;Hosea 14:2;Hosea 14:10
779;Intro;Joel 1:1;Joel 1:1
780;Het verwoeste land;Joel 1:2;Joel 1:20
781;Naderend onheil;Joel 2:1;Joel 2:17
782;Belofte van herstel en zegen;Joel 2:18;Joel 3:5
783;De dag van de Heer;Joel 4:1;Joel 4:21
784;Intro;Amos 1:1;Amos 1:2
785;Het vonnis van de Heer;Amos 1:3;Amos 6:14
786;Visioenen;Amos 7:1;Amos 9:15
787;De profetie van Obadja;Obadja 1:1;Obadja 1:21
788;Jona geroepen;Jona 1:1;Jona 1:16
789;Jona en de grote vis;Jona 2:1;Jona 2:11
790;Jona in Nineve;Jona 3:1;Jona 4:11
791;Intro;Micha 1:1;Micha 1:1
792;Het oordeel van de Heer;Micha 1:2;Micha 3:12
793;Het koningschap van de Heer;Micha 4:1;Micha 5:14
794;De gerechtigheid van de Heer;Micha 6:1;Micha 7:20
795;Nahum;Nahum 1:1;Nahum 3:19
796;Profetie, visioen van de profeet Habakuk;Habakuk 1:1;Habakuk 2:20
797;Gebed van de profeet Habakuk. Als een klaaglied;Habakuk 3:1;Habakuk 3:19
798;Intro;Sefanja 1:1;Sefanja 1:1
799;De dag van de Heer;Sefanja 1:2;Sefanja 2:3
800;Profetie over de omringende volken;Sefanja 2:4;Sefanja 2:15
801;Profetie over Jeruzalem;Sefanja 3:1;Sefanja 3:20
802;Over de herbouw van de tempel;Haggai 1:1;Haggai 2:23
803;Oproep terug te keren naar de Heer;Zacharia 1:1;Zacharia 1:6
804;Visioenen;Zacharia 1:7;Zacharia 6:15
805;Bemoediging;Zacharia 7:1;Zacharia 8:23
806;Andere profetieën;Zacharia 9:1;Zacharia 14:21
807;Profetie;Maleachi 1:1;Maleachi 3:24
808;Het evangelie volgens Matteüs;Matteüs 1:1;Matteüs 1:25
809;De vlucht voor Herodes en Archelaüs;Matteüs 2:1;Matteüs 2:23
810;Optreden van Johannes de Doper;Matteüs 3:1;Matteüs 3:27
811;Jezus in de woestijn;Matteüs 4:1;Matteüs 4:11
812;Begin van Jezus' verkondiging;Matteüs 4:12;Matteüs 4:25
813;Bergrede;Matteüs 5:1;Matteüs 8:1
814;Genezingen en navolging;Matteüs 8:2;Matteüs 8:22
815;Naar de overkant van het meer;Matteüs 8:23;Matteüs 8:34
816;Terug naar Kafarnaüm;Matteüs 9:1;Matteüs 9:17
817;Verschillende genezingen;Matteüs 9:18;Matteüs 9:34
818;Uitzending van de twaalf;Matteüs 9:35;Matteüs 11:1
819;Jezus en Johannes;Matteüs 11:2;Matteüs 11:30
820;Jezus en de sabbat;Matteüs 12:1;Matteüs 12:21
821;Confrontatie met farizeeën en schriftgeleerden;Matteüs 12:22;Matteüs 12:50
822;Gelijkenissen over het koningkrijk van de hemel;Matteüs 13:1;Matteüs 13:58
823;De dood van Johannes;Matteüs 14:1;Matteüs 14:12
824;Overvloed aan brood, gebrek aan geloof;Matteüs 14:13;Matteüs 14:36
825;Rein en onrein;Matteüs 15:1;Matteüs 15:20
826;Naar Tyrus en Sidon;Matteüs 15:21;Matteüs 15:39
827;De zuurdesem van de farizeeën en de sadduceeën;Matteüs 16:1;Matteüs 16:12
828;Wie is Jezus;Matteüs 16:13;Matteüs 16:28
829;Een stem uit de hemel;Matteüs 17:1;Matteüs 17:13
830;Gebrek aan geloof;Matteüs 17:14;Matteüs 17:23
831;Onderricht aan Petrus en de leerlingen;Matteüs 17:24;Matteüs 18:35
832;Leven met het oog op het koningkrijk van de hemel;Matteüs 19:1;Matteüs 19:15
833;Binnengaan in het koningkrijk van de hemel;Matteüs 19:16;Matteüs 20:16
834;Op weg naar Jeruzalem;Matteüs 20:17;Matteüs 20:34
835;Intocht in Jeruzalem;Matteüs 21:1;Matteüs 21:17
836;Het teken van de vijgenboom;Matteüs 21:18;Matteüs 21:22
837;Onderricht aan hogepriesters, oudsten en farizeeën;Matteüs 21:23;Matteüs 22:14
838;Debat met farizeeën, herodianen en sadduceeën;Matteüs 22:15;Matteüs 22:46
839;Wee de schriftgeleerden en de farizeeën;Matteüs 23:1;Matteüs 23:39
840;De komst van de Mensenzoon;Matteüs 24:1;Matteüs 25:46
841;Jezus met kostbare olie gebalsemd;Matteüs 26:1;Matteüs 26:16
842;Het pesachmaal;Matteüs 26:17;Matteüs 26:35
843;In Getsemane;Matteüs 26:36;Matteüs 26:56
844;Jezus verhoord en verloochend;Matteüs 26:57;Matteüs 26:75
845;Jezus voor Pilatus;Matteüs 27:1;Matteüs 27:26
846;Kruisiging;Matteüs 27:27;Matteüs 27:56
847;Het graf;Matteüs 27:57;Matteüs 27:66
848;Opstanding uit de dood;Matteüs 28:1;Matteüs 28:15
849;Uitzending van de leerlingen;Matteüs 28:16;Matteüs 28:20
850;Het evangelie volgens Marcus;Marcus 1:1;Marcus 1:15
851;Simon, Andreas, Jakobus en Johannes geroepen;Marcus 1:16;Marcus 1:20
852;Een nieuwe leer met gezag;Marcus 1:21;Marcus 1:45
853;Jezus' gezag betwist;Marcus 2:1;Marcus 3:6
854;Jezus, de menigte en zijn leerlingen;Marcus 3:7;Marcus 3:19
855;Jezus, de schriftgeleerden en zijn verwanten;Marcus 3:20;Marcus 3:35
856;Gelijkenissen over het koningkrijk van God;Marcus 4:1;Marcus 4:34
857;Vijf confrontaties: geloof en ongeloof;Marcus 4:35;Marcus 6:13
858;De dood van Johannes;Marcus 6:14;Marcus 6:29
859;Het teken van de broden;Marcus 6:30;Marcus 6:44
860;Naar de overkant van het meer;Marcus 6:45;Marcus 6:56
861;Rein en onrein;Marcus 7:1;Marcus 7:23
862;Naar Tyrus, Sidon en Dekapolis;Marcus 7:24;Marcus 7:37
863;Het tweede teken van de broden;Marcus 8:1;Marcus 8:21
864;Genezing van een blinde;Marcus 8:22;Marcus 8:26
865;Wie is Jezus;Marcus 8:27;Marcus 9:1
866;Een stem uit de hemel;Marcus 9:2;Marcus 9:13
867;Geloof en ongeloof;Marcus 9:14;Marcus 9:29
868;Onderricht aan de leerlingen;Marcus 9:30;Marcus 9:50
869;Twistgesprek met farizeeën;Marcus 10:1;Marcus 10:12
870;Binnengaan in het koningkrijk van God;Marcus 10:13;Marcus 10:31
871;Op weg naar Jeruzalem;Marcus 10:32;Marcus 10:52
872;Intocht in Jeruzalem;Marcus 11:1;Marcus 11:11
873;De vijgenboom en de tempel;Marcus 11:12;Marcus 11:26
874;Confrontatie met hogepriesters, schriftgeleerden en oudsten;Marcus 11:27;Marcus 12:12
875;Confrontatie met farizeeën, herodianen en sadduceeën;Marcus 12:13;Marcus 12:34
876;Onderricht in de tempel;Marcus 12:35;Marcus 12:44
877;De komst van de Mensenzoon;Marcus 13:1;Marcus 13:37
878;Jezus met kostbare olie gebalsemd;Marcus 14:1;Marcus 14:11
879;Het pesachmaal;Marcus 14:12;Marcus 14:31
880;Nachtwake en arrestatie;Marcus 14:32;Marcus 14:52
881;Jezus verhoord en verloochend;Marcus 14:53;Marcus 14:72
882;Jezus voor Pilatus;Marcus 15:1;Marcus 15:15
883;Kruisiging;Marcus 15:16;Marcus 15:39
884;Graflegging;Marcus 15:40;Marcus 15:47
885;Het lege graf;Marcus 16:1;Marcus 16:8
886;Na de opstanding;Marcus 16:9;Marcus 16:20
887;Het eerste boek van Lucas;Lucas 1:1;Lucas 1:4
888;Aankondiging van de geboorte van Johannes;Lucas 1:5;Lucas 1:25
889;Aankondiging van de geboorte van Jezus;Lucas 1:26;Lucas 1:38
890;Maria en Elisabet;Lucas 1:39;Lucas 1:56
891;De geboorte van Johannes;Lucas 1:57;Lucas 1:80
892;De geboorte van Jezus;Lucas 2:1;Lucas 2:21
893;Toewijding van Jezus in de tempel;Lucas 2:22;Lucas 2:40
894;De twaalfjarige Jezus in de tempel;Lucas 2:21;Lucas 2:52
895;Optreden van Jezus;Lucas 3:1;Lucas 3:22
896;Geslachtslijst van Jezus;Lucas 3:23;Lucas 3:38
897;Jezus door de duivel op de proef gesteld;Lucas 4:1;Lucas 4:13
898;Optreden van Jezus in Nazaret;Lucas 4:14;Lucas 4:30
899;Optreden van Jezus in Kafarnaüm;Lucas 4:31;Lucas 4:44
900;Simon Petrus, Jakobus en Johannes geroepen;Lucas 5:1;Lucas 5:11
901;Genezing van huidvraat;Lucas 5:12;Lucas 5:16
902;Genezing en vergeving van zonden;Lucas 5:17;Lucas 5:26
903;Jezus bij Levi;Lucas 5:27;Lucas 5:39
904;Jezus en de sabbat;Lucas 6:1;Lucas 6:11
905;Aanstelling van de twaalf apostelen;Lucas 6:12;Lucas 6:16
906;Onderricht aan de leerlingen;Lucas 6:17;Lucas 6:49
907;Genezing en dodenopwekking;Lucas 7:1;Lucas 7:17
908;Jezus en Johannes;Lucas 7:18;Lucas 7:35
909;De liefde van een zondares;Lucas 8:36;Lucas 8:50
910;Verkondiging van het koningkrijk van God;Lucas 8:1;Lucas 8:21
911;Naar de overkant van het meer;Lucas 8:22;Lucas 8:39
912;Genezing en dodenopwekking;Lucas 8:40;Lucas 8:56
913;Uitzending van de twaalf;Lucas 9:1;Lucas 9:17
914;Onderricht aan de leerlingen;Lucas 9:18;Lucas 9:50
915;Op weg naar Jeruzalem;Lucas 9:51;Lucas 9:62
916;Uitzending van de tweeënzeventig leerlingen;Lucas 10:1;Lucas 10:24
917;Het enig noodzakelijke;Lucas 10:25;Lucas 10:42
918;Het gebed;Lucas 11:1;Lucas 11:13
919;Toespraak tot de menigte;Lucas 11:14;Lucas 11:36
920;Confrontatie met farizeeën en schriftgeleerden;Lucas 11:37;Lucas 11:54
921;Onderricht aan de leerlingen en de menigte;Lucas 12:1;Lucas 13:9
922;Genezing op sabbat;Lucas 13:10;Lucas 13:21
923;Verder naar Jeruzalem;Lucas 13:22;Lucas 13:35
924;Een feestmaal op sabbat;Lucas 14:1;Lucas 14:24
925;Het volgen van Jezus;Lucas 14:25;Lucas 14:35
926;De zorg om wat verloren is;Lucas 15:1;Lucas 15:32
927;Rijkdom en gerechtigheid;Lucas 16:1;Lucas 16:31
928;Oproep aan de leerlingen;Lucas 17:1;Lucas 17:10
929;In het grensgebied van Samaria;Lucas 17:11;Lucas 17:19
930;De komst van de Mensenzoon;Lucas 17:20;Lucas 18:8
931;De erfgenamen van het koningkrijk van God;Lucas 18:9;Lucas 18:30
932;Optreden in Jericho;Lucas 18:31;Lucas 19:10
933;De gelijkenis van de koning en de drachmen;Lucas 19:11;Lucas 19:28
934;Intocht in Jeruzalem;Lucas 19:29;Lucas 19:48
935;Jezus in de tempel belaagd;Lucas 20:1;Lucas 20:26
936;Onderricht in de tempel;Lucas 20:27;Lucas 21:4
937;De komst van de Mensenzoon;Lucas 21:5;Lucas 21:38
938;Het pesachmaal;Lucas 22:1;Lucas 22:38
939;Jezus gevangengenomen en verloochend;Lucas 22:39;Lucas 22:65
940;Het verhoord;Lucas 22:66;Lucas 23:25
941;Kruisiging en graflegging;Lucas 23:26;Lucas 23:56
942;Het lege graflegging;Lucas 24:1;Lucas 24:12
943;Verschijningen, Jezus opgenomen in de hemel;Lucas 24:13;Lucas 24:53
944;Het woord is mens geworden;Johannes 1:1;Johannes 1:18
945;Getuigenissen;Johannes 1:19;Johannes 1:51
946;Bruiloft in Kana;Johannes 2:1;Johannes 2:12
947;Jezus in de tempel;Johannes 2:13;Johannes 2:22
948;Gesprek met Nikodemus;Johannes 2:23;Johannes 3:21
949;Getuigenis van Johannes de doper;Johannes 3:22;Johannes 3:36
950;Gesprek met een Samaritaanse vrouw;Johannes 4:1;Johannes 4:42
951;Genezing in Kana;Johannes 4:43;Johannes 4:54
952;Genezing in het bad van Betzata;Johannes 5:1;Johannes 5:18
953;Jezus en de Vader;Johannes 5:19;Johannes 5:47
954;Het teken van het brood;Johannes 6:1;Johannes 6:71
955;Jezus op het Loofhuttenfeest;Johannes 7:1;Johannes 7:53
956;Een vrouw op overspel betrapt;Johannes 8:1;Johannes 8:11
957;Jezus getuigd over zichzelf;Johannes 8:12;Johannes 8:59
958;Genezing van een blinde;Johannes 9:1;Johannes 9:41
959;De goede herder;Johannes 10:1;Johannes 10:21
960;Geloof en ongeloof;Johannes 10:22;Johannes 10:42
961;Lazarus uit de dood opgewekt;Johannes 11:1;Johannes 11:54
962;Maria zalft Jezus;Johannes 11:55;Johannes 12:11
963;Intocht in Jeruzalem;Johannes 12:12;Johannes 12:19
964;Jezus spreekt over zijn dood;Johannes 12:20;Johannes 12:36
965;Ongeloof;Johannes 12:37;Johannes 12:50
966;Jezus wast de voeten van de leerlingen;Johannes 13:1;Johannes 13:30
967;Jezus gaat naar de Vader;Johannes 13:31;Johannes 14:31
968;De wijnstok en de ranken;Johannes 15:1;Johannes 15:17
969;De haat van de wereld;Johannes 15:18;Johannes 17:26
970;Jezus gevangengenomen en verhoord;Johannes 18:1;Johannes 19:16
971;Jezus gekruisigd en begraven;Johannes 19:16;Johannes 19:42
972;Opstanding;Johannes 20:1;Johannes 20:18
973;Verschijningen;Johannes 20:19;Johannes 21:25
974;Jezus opgenomen in de hemel;Handelingen 1:1;Handelingen 1:14
975;Judas vervangen;Handelingen 1:15;Handelingen 1:26
976;De komst van de heilige Geest;Handelingen 2:1;Handelingen 2:13
977;Toespraak van Petrus;Handelingen 2:14;Handelingen 2:42
978;Het leven van de eerste gemeente;Handelingen 2:43;Handelingen 2:47
979;Genezing van een verlamde;Handelingen 3:1;Handelingen 3:10
980;Toespraak van Petrus;Handelingen 3:11;Handelingen 3:26
981;Ondervraging door de joodse leiders;Handelingen 4:1;Handelingen 4:22
982;Gebed van de gelovigen;Handelingen 4:23;Handelingen 4:31
983;Het gemeenschappelijke bezit;Handelingen 4:32;Handelingen 5:11
984;Wonderbaarlijke genezingen;Handelingen 5:12;Handelingen 5:16
985;Gevangenneming van de apostelen;Handelingen 5:17;Handelingen 5:42
986;Conflict binnen de gemeente en verdere groei;Handelingen 6:1;Handelingen 6:7
987;De aanklacht tegen Stefanus;Handelingen 6:8;Handelingen 6:15
988;De verdediging van Stefanus;Handelingen 7:1;Handelingen 7:53
989;De steniging van Stefanus;Handelingen 7:54;Handelingen 7:60
990;Vervolging van de gemeente;Handelingen 8:1;Handelingen 8:3
991;Verkondiging in Samaria;Handelingen 8:4;Handelingen 8:25
992;Filippus en de Ethiopiër;Handelingen 8:26;Handelingen 8:40
993;Saulus geroepen;Handelingen 9:1;Handelingen 9:31
994;Petrus in Lydda en Joppe;Handelingen 9:32;Handelingen 9:43
995;De doop van Cornelius;Handelingen 10:1;Handelingen 10:48
996;Petrus over de doop van de heidenen;Handelingen 11:1;Handelingen 11:18
997;De gemeente in Antiochië;Handelingen 11:19;Handelingen 11:30
998;Petrus gevangengenomen en bevrijd;Handelingen 12:1;Handelingen 12:19
999;De dood van Herodes;Handelingen 12:20;Handelingen 12:25
1000;Uitzending van Barnabas en Saulus: de eerste reis;Handelingen 13:1;Handelingen 13:12
1001;Paulus en Barnabas in Antiochië in Pisidië;Handelingen 13:13;Handelingen 13:52
1002;Paulus en Barnabas in Ikonium;Handelingen 14:1;Handelingen 14:7
1003;Paulus en Barnabas in Lystra;Handelingen 14:8;Handelingen 14:20
1004;Terugreis naar Antiochië in Syrië;Handelingen 14:21;Handelingen 14:28
1005;Bijeenkomst van de apostelen;Handelingen 15:1;Handelingen 15:35
1006;De tweede zendingsreis;Handelingen 15:36;Handelingen 16:10
1007;De gebeurtenissen in Filippi;Handelingen 16:11;Handelingen 16:40
1008;In Tessalonica en Berea;Handelingen 17:1;Handelingen 17:15
1009;Paulus in Athene;Handelingen 17:16;Handelingen 17:34
1010;Paulus in Korinthe;Handelingen 18:1;Handelingen 18:17
1011;Terugreis naar Antiochië in Syrië;Handelingen 18:18;Handelingen 18:22
1012;De derde zendingsreis: Verkondiging in Efeze;Handelingen 18:23;Handelingen 19:20
1013;Paulus' reisschema;Handelingen 19:21;Handelingen 19:22
1014;Volksoproer in Efeze;Handelingen 19:23;Handelingen 19:40
1015;Via Macedonië en Griekenland naar Troas;Handelingen 20:1;Handelingen 20:12
1016;Afscheid van de gemeente in Efeze;Handelingen 20:13;Handelingen 20:38
1017;Naar Tyrus en Caesarea;Handelingen 21:1;Handelingen 21:14
1018;Ontvangst in Jeruzalem;Handelingen 21:15;Handelingen 21:26
1019;Paulus gearresteerd;Handelingen 21:27;Handelingen 21:36
1020;Verdedigingsrede van Paulus;Handelingen 21:37;Handelingen 22:29
1021;Voor het Sanhedrin;Handelingen 22:30;Handelingen 23:11
1022;Samenzwering tegen Paulus;Handelingen 23:12;Handelingen 23:35
1023;De aanklacht tegen Paulus en zijn verdediging voor Felix;Handelingen 24:1;Handelingen 24:23
1024;Felix en Paulus;Handelingen 24:24;Handelingen 24:27
1025;Het beroep op de keizer;Handelingen 25:1;Handelingen 25:12
1026;Festus overlegt met Agrippa;Handelingen 25:13;Handelingen 25:22
1027;Verdedigingsrede van Paulus voor Agrippa;Handelingen 25:23;Handelingen 26:32
1028;Zeereis naar Italië en schipbreuk;Handelingen 27:1;Handelingen 27:44
1029;Verblijf op Malta;Handelingen 28:1;Handelingen 28:10
1030;Verkondiging in Rome;Handelingen 28:11;Handelingen 28:31
1031;De brief aan de Romeinen;Romeinen 1:1;Romeinen 1:15
1032;God veroordeelt kwaad en onrecht;Romeinen 1:16;Romeinen 2:16
1033;De joden en de wet;Romeinen 2:17;Romeinen 3:20
1034;Rechtvaardig voor God door het geloof in Jezus Christus;Romeinen 3:21;Romeinen 3:31
1035;Abraham;Romeinen 4:1;Romeinen 4:25
1036;Leven in vrede met God;Romeinen 5:1;Romeinen 5:21
1037;Met Christus gestorven, dood voor de zonde;Romeinen 6:1;Romeinen 7:6
1038;De wet en de zonde;Romeinen 7:1;Romeinen 7:25
1039;Leven door de Geest;Romeinen 8:1;Romeinen 8:39
1040;De trouw en de barmhartigheid van God;Romeinen 9:1;Romeinen 9:29
1041;Onbegrip bij Israël;Romeinen 9:30;Romeinen 10:21
1042;Israëls redding, bescheidenheid voor de heidenen;Romeinen 11:1;Romeinen 11:36
1043;Leef volgens de wil van God;Romeinen 12:1;Romeinen 13:14
1044;Aanvaard elkaar, zoals Christus u heeft aanvaard;Romeinen 14:1;Romeinen 15:13
1045;Reisplannen en groeten;Romeinen 15:14;Romeinen 16:27
1046;De eerste brief aan de Korintiërs;1 Korintiërs 1:1;1 Korintiërs 1:9
1047;Verdeeldheid in de gemeente;1 Korintiërs 1:10;1 Korintiërs 1:17
1048;De ware wijsheid;1 Korintiërs 1:18;1 Korintiërs 2:16
1049;Het apostelschap en de gemeente;1 Korintiërs 3:1;1 Korintiërs 4:21
1050;Misstanden in de gemeente;1 Korintiërs 5:1;1 Korintiërs 6:20
1051;De gehuwde en de ongehuwde staat;1 Korintiërs 7:1;1 Korintiërs 7:40
1052;Heidens offervlees;1 Korintiërs 8:1;1 Korintiërs 8:13
1053;De vrijheid van de apostelen;1 Korintiërs 9:1;1 Korintiërs 9:27
1054;Israël als voorbeeld;1 Korintiërs 10:1;1 Korintiërs 10:22
1055;Het juiste gebruik van de vrijheid;1 Korintiërs 10:23;1 Korintiërs 11:1
1056;De hoofdbedekking van de vrouw;1 Korintiërs 11:2;1 Korintiërs 11:16
1057;De viering van de maaltijd van de Heer;1 Korintiërs 11:17;1 Korintiërs 11:34
1058;Vele gaven, één Geest;1 Korintiërs 12:1;1 Korintiërs 12:31
1059;De liefde;1 Korintiërs 13:1;1 Korintiërs 13:13
1060;Profetie en klanktaal;1 Korintiërs 14:1;1 Korintiërs 14:40
1061;De opstanding van de doden;1 Korintiërs 15:1;1 Korintiërs 15:58
1062;Reisplannen en groeten;1 Korintiërs 16:1;1 Korintiërs 16:24
1063;De tweede brief aan de Korintiërs;2 Korintiërs 1:1;2 Korintiërs 1:11
1064;Gewijzigde reisplannen;2 Korintiërs 1:12;2 Korintiërs 2:13
1065;Het apostelschap;2 Korintiërs 2:14;2 Korintiërs 4:6
1066;Het huidige leven en de toekomstige luister;2 Korintiërs 4:7;2 Korintiërs 5:10
1067;Door Christus met God verzoend;2 Korintiërs 5:11;2 Korintiërs 6:13
1068;Waarschuwingen;2 Korintiërs 6:14;2 Korintiërs 7:4
1069;Blijdschap over de gemeente in Korinthe;2 Korintiërs 7:5;2 Korintiërs 7:16
1070;Collecte voor Jeruzalem;2 Korintiërs 8:1;2 Korintiërs 9:15
1071;Oproep tot gehoorzaamheid;2 Korintiërs 10:1;2 Korintiërs 10:18
1072;Verdediging tegen schijnapostelen;2 Korintiërs 11:1;2 Korintiërs 12:13
1073;Aankondiging van een derde bezoek;2 Korintiërs 12:14;2 Korintiërs 13:13
1074;De brief aan de Galaten;Galaten 1:1;Galaten 1:5
1075;Het ware evangelie;Galaten 1:6;Galaten 2:14
1076;Rechtvaardig voor God door het geloof in Jezus Christus;Galaten 2:15;Galaten 2:21
1077;Het geloof en de wet;Galaten 3:1;Galaten 4:11
1078;Vrijheid en slavernij;Galaten 4:12;Galaten 5:12
1079;Leven door de Geest;Galaten 5:13;Galaten 6:18
1080;De brief aan de Efeziërs;Efeziërs 1:1;Efeziërs 1:2
1081;Lof en dank;Efeziërs 1:3;Efeziërs 1:23
1082;Eén in Christus;Efeziërs 2:1;Efeziërs 3:21
1083;Christus als fundament;Efeziërs 4:1;Efeziërs 4:24
1084;Het nieuwe leven;Efeziërs 4:25;Efeziërs 6:9
1085;Houd stand;Efeziërs 6:10;Efeziërs 6:24
1086;De brief aan de Filippenzen;Filippenzen 1:1;Filippenzen 1:11
1087;Gevangen omwille van Christus Jezus;Filippenzen 1:12;Filippenzen 1:26
1088;Aansporing tot volharding en eensgezindheid;Filippenzen 1:27;Filippenzen 2:18
1089;Timoteüs en Epafroditus naar Filippi;Filippenzen 2:19;Filippenzen 2:30
1090;Laat de Heer uw vreugde blijven;Filippenzen 3:1;Filippenzen 4:9
1091;Dankbetuiging;Filippenzen 4:10;Filippenzen 4:23
1092;De brief aan de Kolossenzen;Kolossenzen 1:1;Kolossenzen 1:2
1093;Evangelie en verzoening;Kolossenzen 1:3;Kolossenzen 1:23
1094;Strijd in dienst van Christus;Kolossenzen 1:24;Kolossenzen 2:5
1095;Met Christus gestorven en opgewekt uit de dood;Kolossenzen 2:6;Kolossenzen 3:4
1096;Het nieuwe leven;Kolossenzen 3:5;Kolossenzen 4:6
1097;Groeten;Kolossenzen 4:7;Kolossenzen 4:18
1098;De eerste brief aan de Tessalonicenzen;1 Tessalonicenzen 1:1;1 Tessalonicenzen 1:10
1099;Bezoek aan Tessalonica;1 Tessalonicenzen 2:1;1 Tessalonicenzen 3:13
1100;Aansporing;1 Tessalonicenzen 4:1;1 Tessalonicenzen 5:28
1101;De tweede brief aan de Tessalonicenzen;2 Tessalonicenzen 1:1;2 Tessalonicenzen 1:2
1102;Lijden voor het koningkrijk van God;2 Tessalonicenzen 1:3;2 Tessalonicenzen 1:12
1103;Wat voorafgaat aan de komst van de Heer;2 Tessalonicenzen 2:1;2 Tessalonicenzen 2:17
1104;Doe uw dagelijks werk;2 Tessalonicenzen 3:1;2 Tessalonicenzen 3:18
1105;De eerste brieg aan Timoteüs;1 Timoteüs 1:1;1 Timoteüs 1:2
1106;Opdracht aan Timoteüs;1 Timoteüs 1:3;1 Timoteüs 1:20
1107;Aanwijzingen voor de gemeente;1 Timoteüs 2:1;1 Timoteüs 4:10
1108;Aanwijzingen voor Timoteüs;1 Timoteüs 4:11;1 Timoteüs 6:2
1109;De ware rijkdom;1 Timoteüs 6:2;1 Timoteüs 6:21
1110;De tweede brieg aan Timoteüs;2 Timoteüs 1:1;2 Timoteüs 1:2
1111;Houd vast aan het geloof;2 Timoteüs 1:3;2 Timoteüs 1:18
1112;Deel in het lijden;2 Timoteüs 2:1;2 Timoteüs 2:13
1113;Aanwijzingen voor de omgang met dwaalleraren;2 Timoteüs 2:14;2 Timoteüs 4:8
1114;Laatste aanwijzingen;2 Timoteüs 4:9;2 Timoteüs 4:22
1115;De brief aan Titus;Titus 1:1;Titus 1:4
1116;Titus' taak op Kreta;Titus 1:5;Titus 1:16
1117;Praktische aanwijzingen;Titus 2:1;Titus 3:15
1118;De brief aan Filemon;Filemon 1:1;Filemon 1:25
1119;De brief aan de Hebreeën;Hebreeën 1:1;Hebreeën 1:14
1120;Jezus en zijn broeders en zusters;Hebreeën 2:1;Hebreeën 2:18
1121;Luisteren naar zijn stem;Hebreeën 3:1;Hebreeën 4:13
1122;Trouw blijven aan de belijdenis;Hebreeën 4:14;Hebreeën 6:20
1123;Priester voor altijd;Hebreeën 7:1;Hebreeën 7:28
1124;Het eerste verbond en het nieuwe verbond;Hebreeën 8:1;Hebreeën 10:18
1125;Geloof en volharding;Hebreeën 10:19;Hebreeën 10:39
1126;Voorbeeldig geloof;Hebreeën 11:1;Hebreeën 12:13
1127;Aansporing en groeten;Hebreeën 12:14;Hebreeën 13:25
1128;De brief van Jakobus;Jakobus 1:1;Jakobus 1:1
1129;Geloof en standvastigheid;Jakobus 1:2;Jakobus 1:18
1130;Geloven en doen;Jakobus 1:19;Jakobus 3:19
1131;Onderwerp u aan God;Jakobus 4:1;Jakobus 5:6
1132;Bemoediging en raadgevingen;Jakobus 5:7;Jakobus 5:20
1133;De eerste brief aan Petrus;1 Petrus 1:1;1 Petrus 1:2
1134;Het nieuwe leven;1 Petrus 1:3;1 Petrus 2:10
1135;De goede levenswandel;1 Petrus 2:11;1 Petrus 3:12
1136;Het lijden in de eindtijd;1 Petrus 3:13;1 Petrus 4:19
1137;Het gezag in de gemeente;1 Petrus 5:1;1 Petrus 5:14
1138;De tweede brief van Petrus;2 Petrus 1:1;2 Petrus 1:2
1139;Maak uw roeping waar;2 Petrus 1:3;2 Petrus 1:11
1140;Waarschuwing tegen dwaling;2 Petrus 1:12;2 Petrus 2:22
1141;De dag van de Heer;2 Petrus 3:1;2 Petrus 3:18
1142;De eerste brief van Johannes;1 Johannes 1:1;1 Johannes 1:4
1143;Licht en duisternis;1 Johannes 1:5;1 Johannes 2:17
1144;Kinderen van God en kinderen van de duidel;1 Johannes 2:18;1 Johannes 3:10
1145;Heb elkaar lief;1 Johannes 3:11;1 Johannes 3:24
1146;Wie de Zoon heeft, heeft het leven;1 Johannes 4:1;1 Johannes 5:12
1147;Laatste opmerkingen;1 Johannes 5:13;1 Johannes 5:21
1148;De tweede brief van Johannes;2 Johannes 1:1;2 Johannes 1:13
1149;De derde brief van Johannes;3 Johannes 1:1;3 Johannes 1:15
1150;De brief van Judas;Judas 1:1;Judas 1:25
1151;Openbaring van Johannes;Openbaring 1:1;Openbaring 1:3
1152;Aan de zeven gemeenten;Openbaring 1:4;Openbaring 3:22
1153;Aanbidding van God en het Lam;Openbaring 4:1;Openbaring 5:14
1154;De eerste zes zegels;Openbaring 6:1;Openbaring 6:17
1155;De honderdvierenveertigduizend voor de troon;Openbaring 7:1;Openbaring 7:17
1156;Het zevende zegels;Openbaring 8:1;Openbaring 8:5
1157;De eerste zes bazuinen;Openbaring 8:6;Openbaring 9:21
1158;De geopende boekrol;Openbaring 10:1;Openbaring 10:11
1159;De twee getuigen;Openbaring 11:1;Openbaring 11:14
1160;De zevende bazuin;Openbaring 11:15;Openbaring 11:19
1161;De vrouw, de draak en de twee beesten;Openbaring 12:1;Openbaring 13:18
1162;Het lam en de zijnen, het oordeel;Openbaring 14:1;Openbaring 14:20
1163;De zeven offerschalen;Openbaring 15:1;Openbaring 16:21
1164;Het oordeel over Babylon;Openbaring 17:1;Openbaring 19:10
1165;Het beest en zijn profeet verslagen;Openbaring 19:11;Openbaring 19:21
1166;De eerste opstanding en de tweede dood;Openbaring 20:1;Openbaring 20:15
1167;Een nieuwe hemel en een nieuwe aarde;Openbaring 21:1;Openbaring 22:5
1168;Slot;Openbaring 22:6;Openbaring 22:21